[
  {
      "breedId": "B101",
      "breedName": "Golden Retriever",
      "description": "Friendly, intelligent, and devoted. Great family dog.",
      "size": "Large",
      "lifespan": "10-12 years",
      "origin": "Scotland",
      "imageUrl": "https://github.com/Sujay-155/WSD_dog_Final/blob/main/ze-maria-gpcKByNW3Vc-unsplash.jpg"
  },
  {
      "breedId": "B102",
      "breedName": "Labrador Retriever",
      "description": "Outgoing, even-tempered, and gentle. Suitable for families.",
      "size": "Large",
      "lifespan": "10-12 years",
      "origin": "Canada",
      "imageUrl": "https://dog.ceo/api/img/labrador/n02099712_5146.jpg"
  },
  {
      "breedId": "B103",
      "breedName": "German Shepherd",
      "description": "Confident, courageous, and smart. Great working dog.",
      "size": "Large",
      "lifespan": "9-13 years",
      "origin": "Germany",
      "imageUrl": "https://dog.ceo/api/img/germanshepherd/n02106662_16678.jpg"
  },
  {
      "breedId": "B104",
      "breedName": "Bulldog",
      "description": "Calm, courageous, and friendly. Ideal companion.",
      "size": "Medium",
      "lifespan": "8-10 years",
      "origin": "England",
      "imageUrl": "https://dog.ceo/api/img/bulldog/n02096585_10211.jpg"
  },
  {
      "breedId": "B105",
      "breedName": "Beagle",
      "description": "Curious, friendly, and merry. Excellent hunting dog.",
      "size": "Small",
      "lifespan": "12-15 years",
      "origin": "United Kingdom",
      "imageUrl": "https://dog.ceo/api/img/beagle/n02088364_11031.jpg"
  },
  {
      "breedId": "B106",
      "breedName": "Poodle",
      "description": "Active, proud, and very smart. Versatile companion.",
      "size": "Medium",
      "lifespan": "10-18 years",
      "origin": "Germany/France",
      "imageUrl": "https://dog.ceo/api/img/poodle/n02113799_5744.jpg"
  }
]
